{
  "timestamp": 1756332395.1789892,
  "statistics": {
    "sample_count": 100,
    "memory_usage_mb": {
      "mean": 43.40625,
      "std_dev": 0.0,
      "p95": 43.40625,
      "p99": 43.40625,
      "min": 43.40625,
      "max": 43.40625,
      "coefficient_of_variation": 0.0
    },
    "cpu_usage_percent": {
      "mean": 177.805,
      "std_dev": 160.05354493879463,
      "p95": 428.305,
      "p99": 429.702,
      "min": 0.0,
      "max": 429.9,
      "coefficient_of_variation": 0.9001633527673273
    },
    "health_check_latency_ms": {
      "mean": 2.2886805614689365,
      "std_dev": 0.23391266966988147,
      "p95": 2.3874860708019696,
      "p99": 3.187441941990989,
      "min": 2.1983370243106037,
      "max": 4.3594950111582875,
      "coefficient_of_variation": 0.10220415797989303
    },
    "metrics_collection_latency_ms": {
      "mean": 0.038333191187120974,
      "std_dev": 0.004366729399376604,
      "p95": 0.04053100710734725,
      "p99": 0.046542437921744007,
      "min": 0.036327983252704144,
      "max": 0.0787579920142889,
      "coefficient_of_variation": 0.11391510239939844
    },
    "circuit_breaker_latency_ms": {
      "mean": 0.011056726798415184,
      "std_dev": 0.002358982138944521,
      "p95": 0.01186904264613986,
      "p99": 0.017836082552094092,
      "min": 0.010109011782333255,
      "max": 0.0329919857904315,
      "coefficient_of_variation": 0.21335266593388613
    }
  },
  "requirements_compliance": {
    "health_check_latency_sla": true,
    "metrics_collection_efficiency": true,
    "circuit_breaker_overhead": true,
    "memory_baseline": true,
    "performance_stability": true
  }
}